Company_Name,Year,Service_Area_Urban_Square_Kilometers,Service_Area_Rural_Square_Kilometers,Service_Area_Total_Square_Kilometers,Winter_Peak_Load_With_Embedded_Generation_kW,Summer_Peak_Load_With_Embedded_Generation_kW,Average_Peak_Load_With_Embedded_Generation_kW,Average_Load_Factor_With_Embedded_Generation_Percentage,Winter_Peak_Load_Without_Embedded_Generation_kW,Summer_Peak_Load_Without_Embedded_Generation_kW,Average_Peak_Load_Without_Embedded_Generation_kW,Average_Load_Factor_Without_Embedded_Generation_Percentage,Primary_Overhead_Circuit_Kilometers_of_Line,Secondary_Overhead_Circuit_Kilometers_of_Line,Total_Overhead_Circuit_Kilometers_of_Line,Primary_Underground_Circuit_Kilometers_of_Line,Secondary_Underground_Circuit_Kilometers_of_Line,Total_Underground_Circuit_Kilometers_of_Line,Total_Primary_Circuit_Kilometers_of_Line,Total_Secondary_Circuit_Kilometers_of_Line,Total_Circuit_Kilometers_of_Line
Alectra Utilities Corporation,2015,1499,391,1890,4201920,5242817,4282087,81.6753092850657,4234473,5296312,4325475,81.6695655391903,,,7060,,,13716,,,20776
Alectra Utilities Corporation,2016,1499,391.6,1890.6,4034751,5492229,4413602,80.3608516687851,4072979,5542551,4454329,80.3660444441558,,,7062,,,13922,,,20984
Alectra Utilities Corporation,2017,1528,391,1919,3945609,4998584,4136923,82.7618981695616,3974286,5053785,4176486,82.6407534155094,,,7039,,,13883,,,20922
Alectra Utilities Corporation,2018,1531,391.6,1922.6,3960503,5400686,4360618,80.7419279698912,3986279,5443049,4388151,80.6193550710273,,,7002,,,14047,,,21049
Alectra Utilities Corporation,2019,1532,391.6,1923.6,4127385,4962217,4110960,82.8452282518076,4150506,5043554,4161932,82.5198262970913,6963,7276,14239,14149,21222,35371,21112,28498,49610
Alectra Utilities Corporation,2020,1532,392,1924,3888603,5597615,4190197,74.8568274166766,3917702,5698865,4237976,74.3652639604553,6979,7207,14186,14192,21100,35292,21171,28307,49478
Alectra Utilities Corporation,2021,1532,391.6,1923.6,3855366,5262425,4160418,79.058950958921,3877088,5348309,4210526,78.7263039588775,7189,7579,14768,14392,22712,37104,21581,30291,51872
Algoma Power Inc.,2015,3,14197,14200,44710,26190,32284,72.2075598300157,44768,26366,32415,72.4066297355254,,,1835,,,14,,,1849
Algoma Power Inc.,2016,3,14197,14200,40592,29413,31617,77.88973196689,40706,29497,31791,78.0990517368447,,,1836,,,14,,,1850
Algoma Power Inc.,2017,3,14197,14200,41832,29095,31376,75.0047810288774,41832,29170,31458,75.2008032128514,,,1836,,,14,,,1850
Algoma Power Inc.,2018,3,14197,14200,44182,34492,35232,79.7428817165362,44260,34493,35288,79.7288748305468,,,1835,,,14,,,1849
Algoma Power Inc.,2019,3,14197,14200,48304,33373,36879,76.3477144749917,48305,33457,36986,76.5676431011282,1835,315,2150,16,,16,1851,315,2166
Algoma Power Inc.,2020,3,14197,14200,44860,36660,36273,80.8582255907267,45182,36661,36561,80.9193926785003,1859,320,2179,19,,19,1878,320,2198
Algoma Power Inc.,2021,3,14197,14200,45245,36402,38653,85.4304343021328,45393,36552,38745,85.354570087899,1859,313,2172,23,0,23,1882,313,2195
Atikokan Hydro Inc.,2015,380,0,380,5905,5811,5352,90.6350550381033,5905,5811,5352,90.6350550381033,,,90,,,2,,,92
Atikokan Hydro Inc.,2016,380,0,380,6745,6118,5703,84.5515196441809,6745,6118,5703,84.5515196441809,,,90,,,2,,,92
Atikokan Hydro Inc.,2017,380,0,380,8634,5417,5434,62.9372249247162,8634,5417,5434,62.9372249247162,,,90,,,2,,,92
Atikokan Hydro Inc.,2018,380,0,380,6256,5948,5713,91.3203324808184,6254,5930,5700,91.1416693316278,,,90,,,2,,,92
Atikokan Hydro Inc.,2019,380,0,380,6295,5437,5356,85.0833995234313,6296,5456,5367,85.2445997458704,90,,90,2,,2,92,0,92
Atikokan Hydro Inc.,2020,380,0,380,5977,5757,5398,90.3128659862807,5983,5776,5547,92.7126859435066,90,,90,2,,2,92,0,92
Atikokan Hydro Inc.,2021,380,0,380,6911,6734,5988,86.644479814788,6912,6749,5999,86.791087962963,90,,90,2,,2,92,0,92
Bluewater Power Distribution Corporation,2015,54,147,201,132997,149532,129516,86.614236417623,135441,162797,134824,82.8172509321425,,,572,,,211,,,783
Bluewater Power Distribution Corporation,2016,96,109,205,129015,164284,135332,82.3768595846218,131401,172923,141500,81.8283282154485,,,568,,,205,,,773
Bluewater Power Distribution Corporation,2017,95,113,208,128331,154393,129324,83.7628648967246,130353,162119,134452,82.9341409705217,,,566,,,209,,,775
Bluewater Power Distribution Corporation,2018,95,113,208,131154,161525,136277,84.3689831295465,133170,173286,142964,82.5017600960262,,,562,,,221,,,783
Bluewater Power Distribution Corporation,2019,95,113,208,135801,151868,126329,83.1834224458082,137680,170007,132656,78.0297281876629,563,,563,210,,210,773,0,773
Bluewater Power Distribution Corporation,2020,95.47,112.83,208.3,126022,155794,126835,81.4119927596698,127557,180626,135904,75.2405523014405,563,375,938,218,53,271,781,428,1209
Bluewater Power Distribution Corporation,2021,95.45,112.82,208.27,124602,157503,128854,81.8105051967264,126004,170132,135895,79.8762137634307,561,374,935,213,57,270,774,431,1205
Brantford Power Inc.,2015,74,0,74,145629,175113,144853,82.7197295460645,151884,186373,147613,79.2029961421451,,,266,,,232,,,498
Brantford Power Inc.,2016,74,0,74,140228,187331,148938,79.5052607416818,150709,197986,151243,76.3907549018617,,,270,,,233,,,503
Brantford Power Inc.,2017,74,0,74,141752,172881,142254,82.2843458795356,152986,186093,154931,83.2546092545125,,,269,,,238,,,507
Brantford Power Inc.,2018,74,0,74,143051,186912,152359,81.5137604862181,155372,200698,165770,82.596737386521,,,270,,,240,,,510
Brantford Power Inc.,2019,74,0,74,146981,183514,146341,79.7437797661214,161078,198461,161385,81.3182438867082,270,,270,245,,245,515,0,515
Brantford Power Inc.,2020,74,0,74,141205,196605,150711,76.6567483024338,153500,211746,165280,78.0557838164593,275,,275,259,,259,534,0,534
Brantford Power Inc.,2021,74,0,74,141937,195098,153571,78.7147997416683,154394,211134,168341,79.7318290753739,300,,300,273,,273,573,0,573
Burlington Hydro Inc.,2015,98,90,188,270992,340352,273502,80.3585699511094,270993,342774,274325,80.0308658182943,,,865,,,671,,,1536
Burlington Hydro Inc.,2016,98,90,188,257037,360232,282900,78.5327233560594,257037,361524,283860,78.517608789458,,,832,,,674,,,1506
Burlington Hydro Inc.,2017,98,90,188,246646,321211,263087,81.9047292900928,246646,323801,263979,81.525072498232,,,855,,,679,,,1534
Burlington Hydro Inc.,2018,98,90,188,257116,351438,277269,78.8955662165161,257116,355047,278472,78.4324328891668,,,853,,,682,0,0,1535
Burlington Hydro Inc.,2019,98,90,188,254447,323414,256490,79.3070182490554,254447,326481,258074,79.0471727298066,852,,852,687,,687,1539,0,1539
Burlington Hydro Inc.,2020,98,90,188,232509,350364,256510,73.2124305008505,232510,353718,257707,72.856625899728,830,,830,683,,683,1513,0,1513
Burlington Hydro Inc.,2021,98,90,188,232515,344659,258878,75.1113419350721,232516,347546,260107,74.8410282379886,832,,832,684,,684,1516,0,1516
Canadian Niagara Power Inc.,2015,73,284,357,93232,94320,79503,84.2907124681934,93938,95654,81390,85.08792104878,,,947,,,81,,,1028
Canadian Niagara Power Inc.,2016,73,284,357,80952,101753,78930,77.5701944905801,81949,103132,80825,78.3704378854284,,,941,,,84,,,1025
Canadian Niagara Power Inc.,2017,73,284,357,76432,88875,72807,81.9206751054852,76498,90331,75546,83.6324185495566,,,942,,,85,,,1027
Canadian Niagara Power Inc.,2018,73,284,357,80586,98015,79846,81.4630413712187,81973,99716,81614,81.8464439006779,,,946,,,92,,,1038
Canadian Niagara Power Inc.,2019,73,284,357,78312,92987,74399,80.0101089399594,82459,94717,77311,81.6231510710855,937,551,1488,101,13,114,1038,564,1602
Canadian Niagara Power Inc.,2020,73,284,357,75663,101774,76354,75.023090376717,77493,103450,78814,76.1855969067182,935,502,1437,100,18,118,1035,520,1555
Canadian Niagara Power Inc.,2021,73,284,357,74013,101104,76708,75.8703908846336,75809,103300,78779,76.2623426911907,913,497,1410,96,20,116,1009,517,1526
Centre Wellington Hydro Ltd.,2015,10,0,10,25467,25540,17389,68.0853563038371,25557,25718,17522,68.1312699276771,,,79,,,72,,,151
Centre Wellington Hydro Ltd.,2016,10.77,0,10.77,24019,27793,23717,85.3344367286727,24020,27885,23784,85.2931683700915,,,80,,,73,,,153
Centre Wellington Hydro Ltd.,2017,11.33,0,11.33,23739,24770,22211,89.6689543802987,24128,25325,22640,89.3978282329714,,,79,,,77,,,156
Centre Wellington Hydro Ltd.,2018,11.33,0,11.33,23915,26524,22975,86.6196652088674,24066,27018,23507,87.0049596565253,,,78,,,78,,,156
Centre Wellington Hydro Ltd.,2019,11.33,0,11.33,24141,24218,21519,88.8553968122884,24541,24861,22105,88.9143638630787,78,,78,81,,81,159,0,159
Centre Wellington Hydro Ltd.,2020,11.33,0,11.33,22135,28899,22814,78.9439080937057,23208,29161,23366,80.1275676417133,78,,78,82,,82,160,0,160
Centre Wellington Hydro Ltd.,2021,11.55,0,11.55,23224,28408,23621,83.1491129259364,23598,29245,24223,82.8278338177466,78,,78,82,,82,160,0,160
Chapleau Public Utilities Corporation,2015,2,0,2,7029,4548,4230,60.179257362356,7029,4548,4230,60.179257362356,,,26,,,1,,,27
Chapleau Public Utilities Corporation,2016,2,0,2,6023,4979,4133,68.6202888925785,6023,4979,4133,68.6202888925785,,,26,,,1,,,27
Chapleau Public Utilities Corporation,2017,13.5,0,13.5,6489,3889,4017,61.9047619047619,6489,3889,4017,61.9047619047619,,,28,,,2,,,30
Chapleau Public Utilities Corporation,2018,13.5,0,13.5,6354,4835,4107,64.6364494806421,6354,4835,4107,64.6364494806421,,,28,,,2,,,30
Chapleau Public Utilities Corporation,2019,13.5,0,13.5,7121,5774,4397,61.7469456537003,7121,5774,4397,61.7469456537003,28,23,51,2,1,3,30,24,54
Chapleau Public Utilities Corporation,2020,13.5,0,13.5,5731,6046,4076,67.4164737016209,5731,6046,4076,67.4164737016209,28,23,51,2,1,3,30,24,54
Chapleau Public Utilities Corporation,2021,13.5,0,13.5,5772,4169,3788,65.6271656271656,5772,4169,3788,65.6271656271656,28,23,51,2,1,3,30,24,54
Cooperative Hydro Embrun Inc.,2015,5,0,5,6635,5776,5579,84.0844009042954,6635,5776,5579,84.0844009042954,,,17,,,19,,,36
Cooperative Hydro Embrun Inc.,2016,5,0,5,6236,6446,5616,87.1237977040025,6236,6446,5616,87.1237977040025,,,16,,,18,0,0,34
Cooperative Hydro Embrun Inc.,2017,5,0,5,6165,6517,5489,84.2258707994476,6165,6517,5489,84.2258707994476,,,18,,,18,0,0,36
Cooperative Hydro Embrun Inc.,2018,5,0,5,6474,6858,5840,85.1560221638962,6474,6858,5840,85.1560221638962,,,18,,,18,,,36
Cooperative Hydro Embrun Inc.,2019,5,0,5,6354,6429,5367,83.481101259916,6354,6429,5367,83.481101259916,18,,18,18,,18,36,0,36
Cooperative Hydro Embrun Inc.,2020,5,0,5,6135,6881,5713,83.0257230053771,6135,6881,5713,83.0257230053771,18,,18,19,,19,37,0,37
Cooperative Hydro Embrun Inc.,2021,5,0,5,5891,7206,5643,78.3097418817652,5891,7206,5643,78.3097418817652,18,0,18,20,0,20,38,0,38
E.L.K. Energy Inc.,2015,22,0,22,50739,59146,45843,77.5082000473405,50739,59146,45843,77.5082000473405,,,89,,,68,,,157
E.L.K. Energy Inc.,2016,22,0,22,46645,60936,47467,77.8964815544178,46645,60936,47467,77.8964815544178,,,89,,,68,,,157
E.L.K. Energy Inc.,2017,22.5,0,22.5,44168,57221,45399,79.3397528879258,44168,57221,45399,79.3397528879258,,,89,,,68,,,157
E.L.K. Energy Inc.,2018,22.5,0,22.5,47848,65612,51085,77.8592330671219,47848,65612,51085,77.8592330671219,,,89,,,73,,,162
E.L.K. Energy Inc.,2019,22.5,0,22.5,50790,62827,48506,77.2056599869483,50790,62827,48506,77.2056599869483,89,0,89,76,0,76,165,0,165
E.L.K. Energy Inc.,2020,22.5,0,22.5,42657,64724,46553,71.92540634077,42657,64724,46553,71.92540634077,89,0,89,79,0,79,168,0,168
E.L.K. Energy Inc.,2021,22.5,0,22.5,46485,72969,49137,67.3395551535584,46485,72969,49137,67.3395551535584,89,,89,79,,79,168,0,168
ENWIN Utilities Ltd.,2015,120,0,120,366300,463400,372933,80.4775571860164,372821,474504,382344,80.577613676597,,,670,,,444,0,0,1114
ENWIN Utilities Ltd.,2016,120,0,120,365600,486400,390250,80.2323190789474,374807,497443,401997,80.8126760251928,,,668,,,448,0,0,1116
ENWIN Utilities Ltd.,2017,121,0,121,345800,464200,377442,81.3102111158983,353211,476537,387905,81.4008146271958,,,2703,,,2074,0,0,4777
ENWIN Utilities Ltd.,2018,121,0,121,362000,488900,398908,81.5929637962774,362123,499249,403095,80.7402718883763,,,2703,,,1965,0,0,4668
ENWIN Utilities Ltd.,2019,121,0,121,381700,454300,375033,82.551837992516,382079,464393,383778,82.6407805457877,678,2022,2700,466,1524,1990,1144,3546,4690
ENWIN Utilities Ltd.,2020,121,0,121,321000,473200,350892,74.1530008453085,337036,488171,368188,75.4219320688857,681,2023,2704,469,1539,2008,1150,3562,4712
ENWIN Utilities Ltd.,2021,121,0,121,302500,436400,338375,77.5378093492209,325442,468394,366201,78.182256817978,682,2017,2699,472,1533,2005,1154,3550,4704
EPCOR Electricity Distribution Ontario Inc.,2015,45,0,45,58082,49771,46852,80.6652663475776,58707,50481,47702,81.2543648968607,,,219,,,135,,,354
EPCOR Electricity Distribution Ontario Inc.,2016,45,0,45,57281,50903,48680,84.9845498507359,58446,52489,49834,85.2650309687575,,,210,,,140,,,350
EPCOR Electricity Distribution Ontario Inc.,2017,45,0,45,51563,47569,45765,88.7555029769408,52841,48824,47013,88.9706856418312,,,211,,,136,,,347
EPCOR Electricity Distribution Ontario Inc.,2018,45,0,45,55379,53565,48744,88.0189241409198,56739,54925,50086,88.274379174818,,,211,,,151,,,362
EPCOR Electricity Distribution Ontario Inc.,2019,45,0,45,56139,50107,47039,83.7902349525285,56140,50661,47335,84.3159957249733,210,,210,161,,161,371,0,371
EPCOR Electricity Distribution Ontario Inc.,2020,45,0,45,53614,56416,48753,86.4169739081112,53614,57070,48994,85.8489574207114,209,,209,167,,167,376,0,376
EPCOR Electricity Distribution Ontario Inc.,2021,45,0,45,53209,56207,49141,87.428612094579,53209,56635,49393,87.2128542420765,210,,210,169,,169,379,0,379
ERTH Power Corporation,2015,65,1830,1895,104241,109042,98216,90.0717154857761,125776,130839,119973,91.6951367711462,,,292,,,121,,,413
ERTH Power Corporation,2016,65,1830,1895,100852,111491,97961,87.8644913042308,119486,133810,119630,89.4028846872431,,,286,,,120,,,406
ERTH Power Corporation,2017,65,1830,1895,108530,106278,96377,88.8021745139593,130556,128532,117864,90.2785011795704,,,286,,,122,,,408
ERTH Power Corporation,2018,65,1830,1895,104331,109941,102382,93.1244940468069,126443,132420,124295,93.8642199063586,,,292,,,121,,,413
ERTH Power Corporation,2019,65,1830,1895,111736,111366,102695,91.9086059998568,147101,134255,126596,86.0605978205451,295,,295,142,,142,437,0,437
ERTH Power Corporation,2020,65,1830,1895,105535,118142,103698,87.7740346362852,125014,141230,122442,86.696877433973,291,,291,152,,152,443,0,443
ERTH Power Corporation,2021,65,1830,1895,106961,113385,99828,88.0433919830665,120172,136773,124236,90.8337171810226,291,,291,162,,162,453,0,453
Elexicon Energy Inc.,2015,326,461,787,579652,652447,544886,83.5142164804191,580394,657134,548702,83.4992558595355,,,1946,,,1386,,,3332
Elexicon Energy Inc.,2016,337,450,787,545666,684688,561442,81.9996845278433,547061,691875,569043,82.2465040650407,,,1955,,,1711,,,3666
Elexicon Energy Inc.,2017,336.82,450.63,787.45,530953,626506,513334,81.9360069975387,536483,641592,525275,81.870565717777,,,1971,,,1767,,,3738
Elexicon Energy Inc.,2018,336.82,450.63,787.45,561289,696639,561023,80.5328154180286,562816,703479,569415,80.9427147079017,,,1949,,,1836,,,3785
Elexicon Energy Inc.,2019,337,451,788,565125,648618,534745,82.4437496338369,567311,656633,537649,81.8796801257323,1967,,1967,1856,,1856,3823,0,3823
Elexicon Energy Inc.,2020,337,451,788,562955,750598,562300,74.9136022211623,563602,756056,565125,74.7464473531061,1935,,1935,1932,,1932,3867,0,3867
Elexicon Energy Inc.,2021,337,451,788,541382,711257,561614,78.9607694546416,541913,720003,564516,78.4046733138612,1949,,1949,1970,,1970,3919,0,3919
Energy Plus Inc.,2015,104,458,562,286719,338779,285071,84.1465970440907,287326,343087,287694,83.8545325238205,,,1193,,,525,,,1718
Energy Plus Inc.,2016,104,458,562,265456,334471,274609,82.1024842213525,270613,347246,285509,82.2209615085559,,,1195,,,532,,,1727
Energy Plus Inc.,2017,104,458,562,250923,305718,256284,83.8301964555571,260570,319434,266652,83.4763988805199,,,980,,,507,,,1487
Energy Plus Inc.,2018,104,458,562,256774,331153,274551,82.9075986024587,256774,338387,278269,82.2339510678602,,,979,,,531,,,1510
Energy Plus Inc.,2019,104,458,562,277499,302619,261474,86.4036957362228,277813,311135,263817,84.7918106288267,983,0,983,540,0,540,1523,0,1523
Energy Plus Inc.,2020,104,458,562,247995,338528,263648,77.8807070611589,247995,346526,266808,76.9950883916358,979,,979,551,,551,1530,0,1530
Energy Plus Inc.,2021,104,458,562,253533,336960,268084,79.559591642925,254406,347847,270843,77.8626810063045,980,0,980,560,0,560,1540,0,1540
Entegrus Powerlines Inc.,2015,129,0,129,183025,232753,182512,78.4144565268761,191819,243253,192182,79.0049865777606,,,820,,,396,,,1216
Entegrus Powerlines Inc.,2016,128.84,0,128.84,186181,254218,190899,75.0926370280625,194256,266099,201770,75.8251628153432,,,820,,,375,,,1195
Entegrus Powerlines Inc.,2017,129.9,0,129.9,178720,228192,184785,80.9778607488431,187835,243243,197491,81.1908256352701,,,836,,,400,,,1236
Entegrus Powerlines Inc.,2018,132,0,132,167556,231782,184558,79.6256827536219,175104,245646,197338,80.3343022072413,,,835,,,408,,,1243
Entegrus Powerlines Inc.,2019,132,0,132,194207,229174,190625,83.1791564488118,199783,247159,201353,81.4669908844104,594,1288,1882,386,815,1201,980,2103,3083
Entegrus Powerlines Inc.,2020,132,0,132,180772,252034,188191,74.6688938793972,186330,267227,197470,73.8959760802614,593,1216,1809,399,835,1234,992,2051,3043
Entegrus Powerlines Inc.,2021,134,0,134,185841,245240,195447,79.6962159517208,191115,259161,205389,79.2515077500087,594,1102,1696,403,1116,1519,997,2218,3215
Espanola Regional Hydro Distribution Corporation,2015,26,76,102,13571,8554,9676,71.2990936555891,13571,8554,9676,71.2990936555891,,,129,,,11,0,0,140
Espanola Regional Hydro Distribution Corporation,2016,26,76,102,12316,8815,9402,76.3397206885352,12316,8815,9402,76.3397206885352,,,129,,,11,0,0,140
Espanola Regional Hydro Distribution Corporation,2017,26,76,102,11586,8125,8908,76.8858967719662,11586,8125,8908,76.8858967719662,,,130,,,11,0,0,141
Espanola Regional Hydro Distribution Corporation,2018,26,83,109,15504,9882,11176,72.0846233230134,15504,9882,11176,72.0846233230134,,,130,,,11,0,0,141
Espanola Regional Hydro Distribution Corporation,2019,26,83,109,16594,9914,11328,68.2656381824756,16601,9920,11399,68.6645382808265,130,,130,11,,11,141,0,141
Espanola Regional Hydro Distribution Corporation,2020,26,83,109,14291,10675,10951,76.6286474004618,14292,10683,10965,76.7212426532326,90,,90,11,,11,101,0,101
Espanola Regional Hydro Distribution Corporation,2021,26,83,109,14056,10133,10786,76.7359134889016,14282,10465,10964,76.7679596695141,90,,90,11,,11,101,0,101
Essex Powerlines Corporation,2015,66,38,104,78040,109044,81985,75.1852463225854,80881,121804,86518,71.030508029293,,,188,,,260,,,448
Essex Powerlines Corporation,2016,66,38,104,73781,119448,85849,71.8714419663787,77694,129367,93150,72.0044524492336,,,186,,,263,,,449
Essex Powerlines Corporation,2017,62,30.8,92.8,73110,109252,80453,73.6398418335591,74955,118783,87052,73.2865814131652,,,190,,,265,,,455
Essex Powerlines Corporation,2018,62,30.8,92.8,74064,126059,89194,70.7557572247916,77295,131760,94644,71.8306010928962,,,188,,,269,,,457
Essex Powerlines Corporation,2019,62,30.8,92.8,74088,120116,85194,70.9264377768158,81221,126191,89888,71.2317043212273,183,428,611,273,732,1005,456,1160,1616
Essex Powerlines Corporation,2020,74.25,18.55,92.8,75038,126420,58747,46.4697041607341,76578,131809,89554,67.9422497705013,181,428,609,274,730,1004,455,1158,1613
Essex Powerlines Corporation,2021,74.25,18.55,92.8,71939,123024,87623,71.2243139550007,76329,129868,91881,70.7495302922968,181,427,608,273,734,1007,454,1161,1615
Festival Hydro Inc.,2015,45,0,45,96322,104538,70043,67.0024297384683,96419,105104,70345,66.9289465672096,,,165,,,95,,,260
Festival Hydro Inc.,2016,45,0,45,93467,107476,70008,65.1382634262533,93467,108369,70307,64.8774095913038,,,165,,,95,,,260
Festival Hydro Inc.,2017,45,0,45,93753,104450,92668,88.7199617041647,93753,105557,93382,88.4659473080895,,,165,,,97,,,262
Festival Hydro Inc.,2018,43.8,0,43.8,96254,108689,96922,89.1736974302827,96254,111693,98647,88.3197693678207,,,166,,,95,,,261
Festival Hydro Inc.,2019,43.42,0,43.42,99067,103142,94289,91.4166876733048,101309,106254,95965,90.3165998456529,165,,165,96,,96,261,0,261
Festival Hydro Inc.,2020,44.12,0,44.12,94353,116734,93153,79.7993729333356,95812,118829,94706,79.6993999781198,166,,166,97,,97,263,0,263
Festival Hydro Inc.,2021,43.42,0,43.42,96904,106448,93041,87.4051179918834,97799,108576,94711,87.2301429413498,166,,166,100,,100,266,0,266
Fort Frances Power Corporation,2015,26,0,26,16796,12502,12354,73.5532269587997,16796,12610,12388,73.7556561085973,,,66,,,10,,,76
Fort Frances Power Corporation,2016,32.2,0,32.2,15953,12674,12105,75.8791449884034,15953,12793,12141,76.1048078731273,,,69,,,11,,,80
Fort Frances Power Corporation,2017,32.2,0,32.2,15025,12240,11968,79.6539101497504,15025,12359,12006,79.9068219633944,,,71,,,10,,,81
Fort Frances Power Corporation,2018,32.2,0,32.2,15430,12548,12273,79.5398574206092,15430,12626,12307,79.7602073882048,,,71,,,10,,,81
Fort Frances Power Corporation,2019,32,0,32,16574,11585,12220,73.7299384578255,16574,11651,12233,73.8083745625679,71,,71,10,,10,81,0,81
Fort Frances Power Corporation,2020,32,0,32,14489,12297,11713,80.8406377251708,14489,12356,11728,80.9441645386155,71,,71,10,,10,81,0,81
Fort Frances Power Corporation,2021,32,0,32,15555,13111,12021,77.2806171648987,15555,13196,12049,77.4606235936998,71,,71,10,,10,81,0,81
Greater Sudbury Hydro Inc.,2015,290,120,410,185132,141509,140150,75.7027418274528,186099,147888,142644,76.6495252526881,,,753,,,248,,,1001
Greater Sudbury Hydro Inc.,2016,290,120,410,171316,140955,142551,83.2093908333139,171799,147687,146787,85.441125966973,,,751,,,250,,,1001
Greater Sudbury Hydro Inc.,2017,290,120,410,163611,128786,133003,81.2922114038787,168072,134834,136293,81.0920319862916,,,754,,,251,,,1005
Greater Sudbury Hydro Inc.,2018,290,120,410,167806,137254,136258,81.1997187228109,174577,143939,140614,80.5455472370358,,,756,,,253,,,1009
Greater Sudbury Hydro Inc.,2019,290,120,410,176843,133162,135940,76.8704444054896,178707,135277,137618,77.0076158180709,762,,762,253,,253,1015,0,1015
Greater Sudbury Hydro Inc.,2020,290,120,410,183537,148031,136714,74.4885227501812,188091,149995,139065,73.9349570154872,759,,759,256,,256,1015,0,1015
Greater Sudbury Hydro Inc.,2021,290,120,410,148673,137295,131627,88.5345691551257,149807,144581,133804,89.3175886307048,761,,761,258,,258,1019,0,1019
Grimsby Power Incorporated,2015,19,50,69,30907,41662,21019,50.4512505400605,30907,41784,21069,50.4236071223435,,,168,,,76,,,244
Grimsby Power Incorporated,2016,19,50,69,29525,43090,35106,81.471339057786,29525,43276,35612,82.2904150106295,,,167,,,79,,,246
Grimsby Power Incorporated,2017,19,50,69,32379,50033,36639,73.2296684188436,35009,52335,37002,70.7022069360848,,,356,,,321,,,677
Grimsby Power Incorporated,2018,19,50,69,38760,55822,42450,76.0452868044857,41828,62118,46193,74.3633085418075,,,357,,,332,,,689
Grimsby Power Incorporated,2019,19,50,69,36109,55347,40541,73.2487759047464,42947,57643,43755,75.9068750758982,167,189,356,84,249,333,251,438,689
Grimsby Power Incorporated,2020,19,50,69,40695,61540,45040,73.1881702957426,43313,64921,47390,72.9964110226275,167,189,356,85,250,335,252,439,691
Grimsby Power Incorporated,2021,19,50,69,44735,58464,45763,78.2755199781062,46040,63552,49837,78.4192472306143,167,188,355,85,253,338,252,441,693
Halton Hills Hydro Inc.,2015,26,255,281,88688,101316,86547,85.4228354850172,88688,103016,87183,84.6305428282985,,,902,,,654,,,1556
Halton Hills Hydro Inc.,2016,25.67,255.11,280.78,82154,107531,87446,81.3216653802159,82154,109349,88305,80.7551966638927,,,912,,,701,,,1613
Halton Hills Hydro Inc.,2017,25.67,253.3,278.97,81647,95399,80762,84.6570718770637,81647,98466,81474,82.7432819450369,,,921,,,724,,,1645
Halton Hills Hydro Inc.,2018,26,255,281,82792,104730,86370,82.4692065310799,82792,108080,87405,80.870651369356,,,912,,,729,,,1641
Halton Hills Hydro Inc.,2019,26,255,281,83054,99439,81867,82.32886493227,83063,102375,82656,80.7384615384615,637,295,932,266,488,754,903,783,1686
Halton Hills Hydro Inc.,2020,25.67,255.11,280.78,82464,111082,85958,77.3824742082426,82464,113233,87022,76.8521544072841,624,288,912,266,493,759,890,781,1671
Halton Hills Hydro Inc.,2021,26,255,281,78898,108052,84567,78.2650945840891,79223,110959,85800,77.3258591011094,631,296,927,268,496,764,899,792,1691
Hearst Power Distribution Company Limited,2015,93,0,93,16408,14866,13706,83.5324232081911,16408,14868,13770,83.9224768405656,,,57,,,11,,,68
Hearst Power Distribution Company Limited,2016,93,0,93,16159,12377,13350,82.6164985457021,16159,12377,13556,83.891329909029,,,57,,,11,,,68
Hearst Power Distribution Company Limited,2017,93,0,93,15428,11797,12798,82.9530723360124,15428,13534,13230,85.7531760435572,,,71,,,16,,,87
Hearst Power Distribution Company Limited,2018,93,0,93,14732,16856,12740,75.5813953488372,14732,16856,13222,78.4409112482202,,,81,,,16,,,97
Hearst Power Distribution Company Limited,2019,93,0,93,15777,12972,13296,84.2745769157635,15777,13433,13473,85.3964632059327,64,17,81,7,9,16,71,26,97
Hearst Power Distribution Company Limited,2020,93,0,93,14909,12667,12597,84.4925883694413,14909,12667,12890,86.4578442551479,64,17,81,7,9,16,71,26,97
Hearst Power Distribution Company Limited,2021,93,0,93,14926,11736,12541,84.0211711108133,15025,13267,13099,87.1813643926789,64,17,81,7,9,16,71,26,97
Hydro 2000 Inc.,2015,9,0,9,5587,3625,3872,69.3037408269196,5587,3625,3872,69.3037408269196,,,18,,,3,,,21
Hydro 2000 Inc.,2016,9,0,9,5590,3730,3922,70.1610017889088,5590,3730,392,7.01252236135957,,,18,,,3,,,21
Hydro 2000 Inc.,2017,9,0,9,5590,3883,3672,65.6887298747764,5590,3883,3672,65.6887298747764,,,18,,,3,,,21
Hydro 2000 Inc.,2018,9,0,9,5467,4025,3794,69.3982074263764,5467,4025,3794,69.3982074263764,,,18,,,3,,,21
Hydro 2000 Inc.,2019,9,0,9,5210,3329,3694,70.9021113243762,5210,3329,3694,70.9021113243762,18,,18,3,,3,21,0,21
Hydro 2000 Inc.,2020,9,0,9,4873,3748,3714,76.2158834393597,4873,3748,3714,76.2158834393597,18,,18,3,,3,21,0,21
Hydro 2000 Inc.,2021,9,0,9,4500,3614,3574,79.4222222222222,4500,3614,3574,79.4222222222222,18,,18,3,,3,21,0,21
Hydro Hawkesbury Inc.,2015,8,0,8,33170,28983,25440,76.6958094663853,33265,29078,25529,76.7443258680295,,,57,,,11,,,68
Hydro Hawkesbury Inc.,2016,8,0,8,30783,29664,26507,86.1092161257837,30875,29776,26605,86.17004048583,,,57,,,12,,,69
Hydro Hawkesbury Inc.,2017,8,0,8,27794,25414,23955,86.1876664028208,27873,25543,24046,86.2698668962796,,,57,,,12,,,69
Hydro Hawkesbury Inc.,2018,8,0,8,28621,28259,24663,86.1709933265784,28648,28377,24753,86.4039374476403,,,57,,,13,,,70
Hydro Hawkesbury Inc.,2019,8,0,8,29923,24174,23800,79.5374795307957,29941,24267,23882,79.7635349520724,57,,57,14,,14,71,0,71
Hydro Hawkesbury Inc.,2020,8,0,8,28169,26759,23695,84.117292058646,28271,26888,23786,84.1356867461356,57,,57,14,,14,71,0,71
Hydro Hawkesbury Inc.,2021,8,0,8,26503,24789,23375,88.1975625400898,26588,24881,23459,88.2315330224161,57,,57,15,,15,72,0,72
Hydro One Networks Inc.,2015,833,961339,962172,6650096,5915270,5688241,85.5362238379717,6817293,6113858,5891874,86.4254184175449,,,114363,,,9630,,,123993
Hydro One Networks Inc.,2016,1046.3,963104,964150.3,5700641,5987200,5406290,90.2974679315874,5923452,6212849,5659855,91.0991881502351,,,115552,,,9606,,,125158
Hydro One Networks Inc.,2017,989.3,960604,961593.3,5541464,5360324,4980785,89.8821141849879,5714379,5591466,5214465,91.2516478168494,,,114310,,,9622,,,123932
Hydro One Networks Inc.,2018,989.3,960604,961593.3,6004415,5714328,5347816,89.0647298696043,6195149,6023508,5559789,89.744233754507,,,114175,,,9817,,,123992
Hydro One Networks Inc.,2019,1004,960174,961178,6479182,5976813,5561480,85.8361441305399,6664585,6232095,5797316,86.9869016600433,113947,,113947,10009,,10009,123956,0,123956
Hydro One Networks Inc.,2020,1004.67,960153,961157.67,6375564,6700884,5776463,86.2044918252577,6572050,6962402,6034937,86.6789507414252,114035,,114035,10275,,10275,124310,0,124310
Hydro One Networks Inc.,2021,999.02,960155.77,961154.79,6227989,6354683,5742235,90.3622572518566,6419787,6572161,5974030,90.8990208852157,114124,,114124,10432,,10432,124556,0,124556
Hydro Ottawa Limited,2015,454,650,1104,1201968,1374915,1143884,83.1967067055054,1215721,1405596,1163137,82.7504489198888,,,2723,,,2849,,,5572
Hydro Ottawa Limited,2016,454,662,1116,1193901,1391443,1178361,84.6862573601649,1202154,1418089,1198045,84.4830613593364,,,2721,,,2887,,,5608
Hydro Ottawa Limited,2017,454,662,1116,1187581,1360318,1151353,84.6385183464455,1225591,1378852,1176581,85.3304778177788,,,2732,,,2980,,,5712
Hydro Ottawa Limited,2018,454,662,1116,1227143,1441369,1151437,79.8849565933498,1262204,1489933,1193846,80.1274956659125,,,2745,,,3022,,,5767
Hydro Ottawa Limited,2019,454,662,1116,1257219,1348215,1093533,81.1096894783102,1292973,1400163,1130687,80.7539550752305,2742,,2742,3094,,3094,5836,0,5836
Hydro Ottawa Limited,2020,454,662,1116,1138554,1437824,1100981,76.5727237826048,1190530,1506449,,,2746,,2746,3167,,3167,5913,0,5913
Hydro Ottawa Limited,2021,454,662,1116,1069032,1358319,1076935,79.2843949028174,1121485,1414376,1134383,80.2037789102756,2766,,2766,3234,,3234,6000,0,6000
Innpower Corporation,2015,73,219,292,50975,50214,44523,87.3428151054439,51737,51072,45342,87.6394070007925,,,660,,,173,,,833
Innpower Corporation,2016,75,217,292,49363,52172,45584,87.3725369930231,51029,54100,47288,87.4085027726433,,,660,,,183,,,843
Innpower Corporation,2017,77,215,292,50927,51036,44231,86.6662747864253,52052,53027,46012,86.7708903011673,,,662,,,200,,,862
Innpower Corporation,2018,77,215,292,52732,58965,49084,83.2426015432884,54272,61255,51120,83.4544118847441,,,662,,,217,,,879
Innpower Corporation,2019,77,215,292,54784,59938,46996,78.407687944209,56198,62245,49057,78.8127560446622,614,223,837,182,436,618,796,659,1455
Innpower Corporation,2020,77,215,292,51178,65476,50379,76.9426965605718,52210,67555,52303,77.4228406483606,631,224,855,173,436,609,804,660,1464
Innpower Corporation,2021,77,215,292,52272,62170,49883,80.2364484478044,53908,64276,51846,80.6615221855747,631,224,855,173,436,609,804,660,1464
Kingston Hydro Corporation,2015,35,0,35,131752,114395,110163,83.6139109842735,130791,114613,111816,85.4921210175012,,,231,,,125,,,356
Kingston Hydro Corporation,2016,35.7,0,35.7,122976,117441,110546,89.8923367161072,122976,119823,112049,91.1145264116576,,,226,,,110,,,336
Kingston Hydro Corporation,2017,35.7,0,35.7,117931,108712,104963,89.0037394747776,117931,113741,106317,90.1518684654586,,,226,,,108,,,334
Kingston Hydro Corporation,2018,35.7,0,35.7,126565,114960,107506,84.9413344921582,128887,122301,110339,85.6090994436987,,,226,,,108,,,334
Kingston Hydro Corporation,2019,36.6,0,36.6,126161,109499,106267,84.2312600565944,129362,111979,107546,83.1356967270141,227,,227,108,,108,335,0,335
Kingston Hydro Corporation,2020,36.6,0,36.6,114474,115637,101296,87.5982600724682,114474,116108,102619,88.3823681400076,227,,227,108,,108,335,0,335
Kingston Hydro Corporation,2021,36.6,0,36.6,111668,108785,99795,89.3675896407207,111668,118606,101988,85.9889044399103,227,,227,107,,107,334,0,334
Kitchener-Wilmot Hydro Inc.,2015,125,284,409,293132,328007,284684,86.792050169661,296944,334638,289582,86.5358984932972,,,1012,,,906,,,1918
Kitchener-Wilmot Hydro Inc.,2016,125,284,409,293555,360767,293626,81.3893731965507,297533,366361,298581,81.4991224502608,,,1017,,,931,,,1948
Kitchener-Wilmot Hydro Inc.,2017,125,300,425,279305,329672,277081,84.0474774927807,283575,334651,282114,84.3009583117935,,,1018,,,950,,,1968
Kitchener-Wilmot Hydro Inc.,2018,125,300,425,283066,370688,298443,80.5105641401934,286778,376100,302966,80.5546397234778,,,1013,,,961,,,1974
Kitchener-Wilmot Hydro Inc.,2019,125,300,425,295990,342588,281833,82.265870374911,299584,348430,286356,82.1846568894757,1010,,1010,970,,970,1980,0,1980
Kitchener-Wilmot Hydro Inc.,2020,125,300,425,291859,382289,292091,76.405808171305,294883,389561,2970,0.762396646481552,1006,,1006,987,,987,1993,0,1993
Kitchener-Wilmot Hydro Inc.,2021,125,300,425,281071,361534,289376,80.0411579547152,284352,367426,293674,79.9273867390985,1003,,1003,997,,997,2000,0,2000
Lakefront Utilities Inc.,2015,28,0,28,42548,41683,38140,89.6399360722008,42548,42609,38555,90.4855781642376,,,142,,,50,,,192
Lakefront Utilities Inc.,2016,27.5,0,27.5,41183,43462,38733,89.1192305922415,41183,44782,39356,87.8835246304319,,,142,,,50,,,192
Lakefront Utilities Inc.,2017,27.5,0,27.5,40045,40516,37136,91.6576167440024,40045,41885,37703,90.0155186821058,,,156,,,63,,,219
Lakefront Utilities Inc.,2018,27.5,0,27.5,43382,45324,39768,87.7415938575589,43382,46509,40531,87.1465737814187,,,156,,,60,,,216
Lakefront Utilities Inc.,2019,27.5,0,27.5,43615,41163,38126,87.4148802017654,43622,43236,38770,88.8771720691394,156,,156,65,,65,221,0,221
Lakefront Utilities Inc.,2020,27.5,0,27.5,41349,44356,38923,87.7513752367211,41349,46215,39749,86.0088715784918,156,,156,65,,65,221,0,221
Lakefront Utilities Inc.,2021,27.64,0,27.64,40303,45113,38325,84.9533393921929,40303,46389,39006,84.0845890189485,158,,158,67,,67,225,0,225
Lakeland Power Distribution Ltd.,2015,19,144,163,57404,43127,40996,71.4166260190928,59005,44361,45686,77.4273366663842,,,277,,,90,,,367
Lakeland Power Distribution Ltd.,2016,19,144,163,48039,46425,41016,85.3806282395554,60137,46803,46705,77.6643331060745,,,271,,,86,,,357
Lakeland Power Distribution Ltd.,2017,19,128,147,50947,40433,38293,75.1624236952127,59880,42708,45002,75.1536406145625,,,271,,,87,,,358
Lakeland Power Distribution Ltd.,2018,19,128,147,55713,53388,43186,77.5151221438444,64661,54665,50475,78.060964105102,,,266,,,88,,,354
Lakeland Power Distribution Ltd.,2019,19,128,147,50163,45670,39175,78.0954089667683,56596,46981,46038,81.344971376069,263,,263,95,,95,358,0,358
Lakeland Power Distribution Ltd.,2020,19,128,147,46957,47322,39178,82.7902455517518,55704,48925,46954,84.2919718512136,262,,262,91,,91,353,0,353
Lakeland Power Distribution Ltd.,2021,19,128,147,45458,48124,39145,81.3419499625966,51626,49930,46008,89.1178863363422,261,,261,103,,103,364,0,364
London Hydro Inc.,2015,163,260,423,514046,638017,508251,79.6610435145145,538330,661102,520211,78.6884625972997,,,1367,,,1499,,,2866
London Hydro Inc.,2016,162.8,260.3,423.1,511359,683790,526861,77.0501177262025,537708,707205,536782,75.9018954899923,,,1372,,,1492,,,2864
London Hydro Inc.,2017,162.8,260.3,423.1,514321,633604,500813,79.0419568058283,535268,655151,509784,77.8116800554376,,,1366,,,1518,,,2884
London Hydro Inc.,2018,162.8,260.3,423.1,499887,689993,533040,77.2529576387007,529814,716060,544219,76.0018713515627,,,1383,,,1651,,,3034
London Hydro Inc.,2019,162.8,260.3,423.1,507683,647506,502272,77.5702464533147,512730,657266,510260,77.6337129868273,1393,,1393,1667,,1667,3060,0,3060
London Hydro Inc.,2020,162.8,260.3,423.1,456419,684146,502807,73.494107982799,457926,693661,510680,73.6209762405556,1390,,1390,1680,,1680,3070,0,3070
London Hydro Inc.,2021,162.8,260.3,423.1,454955,650777,504801,77.5689675572431,459216,662035,511780,77.3040700265092,1390,,1390,1687,,1687,3077,0,3077
Milton Hydro Distribution Inc.,2015,56,315,371,140401,166331,138091,83.0218059171171,141341,168414,139435,82.7929982067999,,,752,,,1703,,,2455
Milton Hydro Distribution Inc.,2016,56,315,371,137320,178292,143581,80.5313754963767,137921,180543,145321,80.4910741485408,,,748,,,1811,,,2559
Milton Hydro Distribution Inc.,2017,56,309,365,134788,162865,137197,84.2397077333988,135397,166034,138653,83.508799402532,,,749,,,1866,,,2615
Milton Hydro Distribution Inc.,2018,56,308,364,138718,180305,148454,82.3349324755276,139411,183462,150153,81.8441966183733,,,736,,,1915,,,2651
Milton Hydro Distribution Inc.,2019,56,312,368,145493,169704,139177,82.0116202328761,147848,173199,141782,81.8607497733821,596,173,769,501,1453,1954,1097,1626,2723
Milton Hydro Distribution Inc.,2020,56,312,368,143313,194762,148536,76.2653905792711,143700,198177,150168,75.7746862653083,608,173,781,508,1478,1986,1116,1651,2767
Milton Hydro Distribution Inc.,2021,83,285,368,140596,190210,150664,79.2092949897482,140596,194362,151870,78.1377018141406,611,173,784,523,1507,2030,1134,1680,2814
Newmarket-Tay Power Distribution Ltd.,2015,91,3,94,147773,173418,107303,61.8753531928635,147773,174398,107652,61.7277721074783,,,447,,,537,,,984
Newmarket-Tay Power Distribution Ltd.,2016,91,3,94,137775,179001,106982,59.7661465578405,137782,180233,107434,59.6083957987716,,,448,,,541,,,989
Newmarket-Tay Power Distribution Ltd.,2017,91,3,94,133456,166440,103067,61.9244172074021,133456,167334,103433,61.8123035366393,,,443,,,542,,,985
Newmarket-Tay Power Distribution Ltd.,2018,91,3,94,140147,182453,99455,54.5099285843478,140147,182966,99760,54.5237913054885,,,468,,,551,,,1019
Newmarket-Tay Power Distribution Ltd.,2019,94,3,97,136839,166024,95190,57.3350840842288,136854,167172,95722,57.2595889263752,469,,469,559,,559,1028,0,1028
Newmarket-Tay Power Distribution Ltd.,2020,91,3,94,128121,185068,95349,51.521062528368,131821,188400,96103,51.01008492569,470,,470,559,,559,1029,0,1029
Newmarket-Tay Power Distribution Ltd.,2021,91,3,94,128617,175686,95563,54.3942032945141,130752,176632,96259,54.4969201503691,466,,466,558,,558,1024,0,1024
Niagara Peninsula Energy Inc.,2015,68,759,827,195204,245124,192720,78.6214324178783,207295,259918,207013,79.6455035818989,,,1458,,,519,,,1977
Niagara Peninsula Energy Inc.,2016,68,759,827,182176,261493,198105,75.7591981429713,184993,264308,202330,76.5508421992524,,,1455,,,549,,,2004
Niagara Peninsula Energy Inc.,2017,68,759,827,185626,234890,186911,79.5738430754822,187565,238232,190946,80.1512811041338,,,1448,,,557,,,2005
Niagara Peninsula Energy Inc.,2018,68,759,827,186819,254506,201089,79.0114967820012,192525,262327,205481,78.3300994560225,,,1451,,,573,,,2024
Niagara Peninsula Energy Inc.,2019,68,759,827,189815,251133,191557,76.2771121278367,197346,256280,194920,76.0574371780865,1455,262,1717,586,909,1495,2041,1171,3212
Niagara Peninsula Energy Inc.,2020,68,759,827,176575,252115,186994,74.1701207782163,176864,256760,190024,74.0084125253155,1473,287,1760,598,929,1527,2071,1216,3287
Niagara Peninsula Energy Inc.,2021,68,759,827,177245,257792,187193,72.6139678500497,180036,262435,193687,73.8037990359518,1463,992,2455,585,1510,2095,2048,2502,4550
Niagara-on-the-Lake Hydro Inc.,2015,14,119,133,31939,42709,31907,74.7079069985249,31939,43895,33124,75.4618977104454,,,235,,,98,,,333
Niagara-on-the-Lake Hydro Inc.,2016,14,119,133,34820,45910,34552,75.2602918754084,34820,47702,35825,75.1016728858329,,,235,,,98,,,333
Niagara-on-the-Lake Hydro Inc.,2017,14,119,133,31220,39670,31948,80.5344088732039,32863,41660,33356,80.0672107537206,,,235,,,98,,,333
Niagara-on-the-Lake Hydro Inc.,2018,14,119,133,34662,52067,39060,75.0187258724336,37262,57367,44360,77.3266860738752,,,236,,,132,,,368
Niagara-on-the-Lake Hydro Inc.,2019,14,119,133,38880,49550,37498,75.6770938446014,38880,52967,39472,74.521872109049,236,,236,132,,132,368,0,368
Niagara-on-the-Lake Hydro Inc.,2020,14,119,133,33763,48809,36706,75.2033436456391,35742,52046,38257,73.5061291934058,232,,232,137,,137,369,0,369
Niagara-on-the-Lake Hydro Inc.,2021,14,119,133,32870,49789,35233,70.7646267247786,32935,51024,37155,72.818673565381,216,,216,109,,109,325,0,325
North Bay Hydro Distribution Limited,2015,51,279,330,106743,82078,80901,75.7904499592479,107646,83650,82122,76.2889471043978,,,496,,,76,,,572
North Bay Hydro Distribution Limited,2016,51,279,330,93764,81789,79288,84.5612388549977,94741,83320,80491,84.9589934663979,,,495,,,78,,,573
North Bay Hydro Distribution Limited,2017,51,279,330,93113,76815,76442,82.0959479342305,93738,78351,77549,82.7295227122405,,,495,,,79,,,574
North Bay Hydro Distribution Limited,2018,51,279,330,97822,84551,,,97995,85864,,,,,495,,,80,,,575
North Bay Hydro Distribution Limited,2019,51,279,330,99886,80442,78314,78.4033798530325,99886,81840,79075,79.1652483831568,494,,,79,,,573,0,573
North Bay Hydro Distribution Limited,2020,51,279,330,94066,85630,78095,83.0214955456807,94296,86460,78609,83.364087554085,493,,493,81,,81,574,0,574
North Bay Hydro Distribution Limited,2021,51,279,330,86662,84972,76180,87.9047333317948,86934,85896,76794,88.3359790185658,492,,492,82,,82,574,0,574
Northern Ontario Wires Inc.,2015,28,0,28,23679,19641,19931,84.1716288694624,23679,19641,19931,84.1716288694624,,,367,,,3,,,370
Northern Ontario Wires Inc.,2016,28,0,28,23251,19720,20020,86.1038234914627,23251,19720,20020,86.1038234914627,,,367,,,3,,,370
Northern Ontario Wires Inc.,2017,28,0,28,23708,21210,19318,81.4830436983297,23708,21210,19318,81.4830436983297,,,367,,,3,,,370
Northern Ontario Wires Inc.,2018,28,0,28,23485,18711,19431,82.737917819885,23485,18711,19431,82.737917819885,,,367,,,3,,,370
Northern Ontario Wires Inc.,2019,28,0,28,23352,18301,19047,81.5647482014389,23352,18301,19047,81.5647482014389,367,,367,3,,3,370,0,370
Northern Ontario Wires Inc.,2020,28,0,28,21659,19688,19245,88.8545177524355,21659,19688,19245,88.8545177524355,367,,367,3,,3,370,0,370
Northern Ontario Wires Inc.,2021,28,0,28,22199,20235,19341,87.1255461957746,22199,20235,19341,87.1255461957746,367,,367,3,,3,370,0,370
Oakville Hydro Electricity Distribution Inc.,2015,107,36,143,262334,340880,269928,79.1856371743722,262334,341182,270103,79.1668376409072,,,487,,,1359,,,1846
Oakville Hydro Electricity Distribution Inc.,2016,109,34,143,251532,373874,285934,76.4787067300749,251532,375360,286444,76.3118073316283,,,494,,,1389,,,1883
Oakville Hydro Electricity Distribution Inc.,2017,110,33,143,238190,312509,261711,83.7451081408855,238190,313427,262149,83.6395715748803,,,491,,,1421,,,1912
Oakville Hydro Electricity Distribution Inc.,2018,108,31,139,255182,364781,280162,76.8027940051702,255185,366131,280894,76.7195348113107,,,489,,,1425,,,1914
Oakville Hydro Electricity Distribution Inc.,2019,109,30,139,259547,337953,258581,76.5138939438324,259547,339413,259292,76.394245358899,489,,489,1425,,1425,1914,0,1914
Oakville Hydro Electricity Distribution Inc.,2020,110,29,139,233323,368091,263481,71.5803972387263,248298,370303,264051,71.3067406961326,494,,494,1506,,1506,2000,0,2000
Oakville Hydro Electricity Distribution Inc.,2021,111,28,139,231962,347190,265091,76.3532935856448,234671,348052,265820,76.3736453173664,494,,494,1517,,1517,2011,0,2011
Orangeville Hydro Limited,2015,17,0,17,43641,45023,40332,89.5808808831042,43641,45472,40491,89.0460063335679,,,78,,,131,,,209
Orangeville Hydro Limited,2016,17,0,17,41661,47804,41338,86.4739352355451,41661,48124,41550,86.3394564042889,,,78,,,138,,,216
Orangeville Hydro Limited,2017,17,0,17,41758,46147,39867,86.3913147116822,41758,46147,39867,86.3913147116822,,,77,,,144,0,0,221
Orangeville Hydro Limited,2018,17,0,17,42821,48441,42145,87.0027456080593,42821,48441,42145,87.0027456080593,,,77,,,145,0,0,222
Orangeville Hydro Limited,2019,17,0,17,43212,45153,39868,88.2953513609284,43212,45875,40073,87.3525885558583,75,,75,146,,146,221,0,221
Orangeville Hydro Limited,2020,17,0,17,42683,51287,41557,81.0283307660811,42683,52406,41757,79.679807655612,74,,74,148,,148,222,0,222
Orangeville Hydro Limited,2021,17,0,17,41873,49837,42117,84.5095009731726,41873,50595,42296,83.5971933985572,71,0,71,149,0,149,220,0,220
Oshawa PUC Networks Inc.,2015,71,78,149,203457,211375,184624,87.3442933175636,205040,213930,185067,86.5082036180059,,,521,,,441,,,962
Oshawa PUC Networks Inc.,2016,71,78,149,195540,221781,190039,85.6876828943868,196745,224194,191005,85.1963032016914,,,520,,,450,,,970
Oshawa PUC Networks Inc.,2017,71,78,149,189505,208627,174606,83.6929064790272,194082,211985,177344,83.6587494398189,,,520,,,460,,,980
Oshawa PUC Networks Inc.,2018,96.35,49.17,145.52,205043,232449,189873,81.6837241717538,209621,238104,194964,81.8818667473037,,,523,,,462,,,985
Oshawa PUC Networks Inc.,2019,96,49,145,200174,213296,173752,81.460505588478,204830,219095,178704,81.564618088044,547,,547,463,,463,1010,0,1010
Oshawa PUC Networks Inc.,2020,90.91,54.77,145.68,185396,244040,182856,74.9287002130798,190882,246807,186991,75.7640585558757,536,,536,470,,470,1006,0,1006
Oshawa PUC Networks Inc.,2021,91,55,146,175440,225300,178294,79.1362627607634,182630,232281,182620,78.6202918017401,528,,528,461,,461,989,0,989
Ottawa River Power Corporation,2015,35,0,35,34706,31003,28383,81.7812481991587,40334,35954,32985,81.7796400059503,,,152,,,26,,,178
Ottawa River Power Corporation,2016,35,0,35,37047,35163,30177,81.4559883391368,38103,35643,30837,80.9306353830407,,,152,,,26,,,178
Ottawa River Power Corporation,2017,35,0,35,34903,31424,26943,77.1939374838839,39127,38384,32535,83.1522989240167,,,364,,,126,,,490
Ottawa River Power Corporation,2018,35,0,35,40812,42344,31702,74.8677498583034,52220,50359,42348,81.0953657602451,,,364,,,126,,,490
Ottawa River Power Corporation,2019,35,0,35,35702,34100,27767,77.774354377906,41522,40578,32293,77.7732286498724,158,208,366,42,102,144,200,310,510
Ottawa River Power Corporation,2020,35,0,35,31921,35988,27330,75.9419806602201,34936,36163,31338,86.6576334927965,158,208,366,42,102,144,200,310,510
Ottawa River Power Corporation,2021,35,0,35,31921,35988,27330,75.9419806602201,34936,36163,31338,86.6576334927965,158,208,366,42,102,144,200,310,510
PUC Distribution Inc.,2015,58,284,342,138336,91679,103894,75.102648623641,138382,97144,105577,76.2938821523031,,,622,,,122,0,0,744
PUC Distribution Inc.,2016,58,284,342,125305,90384,100106,79.8898687203224,125408,101247,102274,81.5530109721868,,,621,,,122,0,0,743
PUC Distribution Inc.,2017,58,284,342,125683,90753,96500,76.7804715037038,125843,95541,99477,79.0484969366592,,,617,,,123,0,0,740
PUC Distribution Inc.,2018,58,284,342,128538,91500,97157,75.5862079696277,128698,98746,100524,78.1084399135962,,,618,,,122,0,0,740
PUC Distribution Inc.,2019,58,284,342,132818,84220,97163,73.154994052011,132939,91848,98938,74.423607820128,616,,616,122,,122,738,0,738
PUC Distribution Inc.,2020,58,284,342,112835,90164,93568,82.9246244516329,112941,101419,96863,85.7642485899718,615,,615,123,,123,738,0,738
PUC Distribution Inc.,2021,58,284,342,111371,90881,92284,82.8617862818867,111904,98972,95101,84.984450957964,614,1,615,124,0,124,738,1,739
Renfrew Hydro Inc.,2015,13,0,13,15138,16080,13178,81.952736318408,15935,16080,13973,86.8967661691542,,,72,,,7,,,79
Renfrew Hydro Inc.,2016,13,0,13,12960,15052,12652,84.0552750465055,15594,16432,14657,89.1979065238559,,,72,,,8,,,80
Renfrew Hydro Inc.,2017,13,0,13,12992,13888,11876,85.5126728110599,14658,15929,14252,89.4720321426329,,,72,,,8,,,80
Renfrew Hydro Inc.,2018,13,0,13,13536,15626,12790,81.8507615512607,15685,16843,14459,85.845751944428,,,73,,,8,,,81
Renfrew Hydro Inc.,2019,13,0,13,14544,14253,12381,85.1278877887789,15877,15691,13890,87.4850412546451,73,,73,8,,8,81,0,81
Renfrew Hydro Inc.,2020,13,0,13,13283,15232,12002,78.7946428571429,14787,16864,14204,84.2267552182163,73,,73,8,,8,81,0,81
Renfrew Hydro Inc.,2021,13,0,13,12934,15453,12028,77.8360188960073,14561,16008,13838,86.4442778610695,73,,73,8,,8,81,0,81
Rideau St. Lawrence Distribution Inc.,2015,11,7,18,21723,28953,20491,70.7733222809381,21752,28991,20531,70.8185298885861,,,93,,,12,,,105
Rideau St. Lawrence Distribution Inc.,2016,11,7,18,19707,24788,18314,73.8825238018396,19728,24825,18353,73.9295065458207,,,95,,,12,,,107
Rideau St. Lawrence Distribution Inc.,2017,11,7,18,23593,19093,17777,75.3486203534947,23621,19129,17811,75.4032428771009,,,95,,,12,,,107
Rideau St. Lawrence Distribution Inc.,2018,11,7,18,20206,19566,17629,87.2463624665941,20225,19609,17663,87.3325092707046,,,95,,,12,,,107
Rideau St. Lawrence Distribution Inc.,2019,11,7,18,20248,18760,17001,83.9638482813117,20267,18797,17037,84.0627621256229,95,0,95,12,0,12,107,0,107
Rideau St. Lawrence Distribution Inc.,2020,,0,,18945,20242,17666,87.2739847841122,18971,20278,17697,87.2719203077227,95,,95,12,,12,107,0,107
Rideau St. Lawrence Distribution Inc.,2021,18,0,18,20489,20109,17387,84.8601688711016,20520,20135,17423,84.9074074074074,98,0,98,15,0,15,113,0,113
Sioux Lookout Hydro Inc.,2015,6,530,536,21167,10244,13827,65.3233807341617,21167,10244,13827,65.3233807341617,,,256,,,19,,,275
Sioux Lookout Hydro Inc.,2016,6,530,536,17931,9528,12582,70.1689810941944,17931,9528,12582,70.1689810941944,,,256,,,19,,,275
Sioux Lookout Hydro Inc.,2017,6,533,539,19015,8159,12752,67.0628451222719,19015,8159,12752,67.0628451222719,,,644,,,67,,,711
Sioux Lookout Hydro Inc.,2018,6,533,539,19081,9221,13086,68.5813112520308,19081,9221,13086,68.5813112520308,,,644,,,67,,,711
Sioux Lookout Hydro Inc.,2019,6,533,539,21743,9466,13787,63.408913213448,21743,9466,13787,63.408913213448,589,56,645,21,46,67,610,102,712
Sioux Lookout Hydro Inc.,2020,6,533,539,19523,8595,12911,66.1322542642012,19523,8595,12911,66.1322542642012,589,56,645,21,46,67,610,102,712
Sioux Lookout Hydro Inc.,2021,6,533,539,20926,9108,13387,63.9730478830163,20926,9108,13387,63.9730478830163,589,56,645,21,46,67,610,102,712
Synergy North Corporation,2015,203,208,411,199210,156813,140881,70.7198433813564,200842,167478,146195,72.7910496808436,,,1011,,,268,,,1279
Synergy North Corporation,2016,203,208,411,187419,153293,134780,71.9137333994952,189330,171453,136747,72.2267997676016,,,1021,,,265,,,1286
Synergy North Corporation,2017,203,208,411,172966,153825,131804,76.2022594035822,179824,166536,139802,77.7437939318445,,,993,,,264,,,1257
Synergy North Corporation,2018,203,208,411,184533,153623,135250,73.2931237231281,187367,168158,143963,76.8347681288594,,,985,,,267,,,1252
Synergy North Corporation,2019,203,208,411,180436,145528,147504,81.7486532620985,185879,160330,156141,84.0014202787835,997,,,271,,,1268,0,1268
Synergy North Corporation,2020,203,208,411,163651,152810,140845,86.0642464757319,168728,168553,149339,88.5087241003272,991,,991,275,,275,1266,0,1266
Synergy North Corporation,2021,143,298,441,167439,157028,144332,86.1997503568464,172959,172977,153653,88.8285725847945,987,,987,274,,274,1261,0,1261
Tillsonburg Hydro Inc.,2015,22,2,24,31164,37797,31726,83.9378786676191,31618,38871,32715,84.1630006946052,,,78,,,56,,,134
Tillsonburg Hydro Inc.,2016,22,2,24,30880,38980,32395,83.1067213955875,31524,40060,33422,83.4298552171742,,,78,,,56,,,134
Tillsonburg Hydro Inc.,2017,22,2,24,30096,35939,30786,85.6618158546426,30156,36963,31823,86.0942023104185,,,75,,,59,,,134
Tillsonburg Hydro Inc.,2018,22,2,24,29748,36175,32312,89.3213545266068,30683,37198,33316,89.5639550513468,,,76,,,60,,,136
Tillsonburg Hydro Inc.,2019,22,2,24,29913,34047,29006,85.1939965342027,31019,35145,30036,85.4630815194196,71,,71,61,,61,132,0,132
Tillsonburg Hydro Inc.,2020,22,2,24,28861,36683,29259,79.7617424965243,29969,37789,30306,80.1979411998201,15,55,70,52,10,62,67,65,132
Tillsonburg Hydro Inc.,2021,22,2,24,28381,37040,27207,73.4530237580994,29264,38118,28174,73.9125872291306,14,53,67,63,9,72,77,62,139
Toronto Hydro-Electric System Limited,2015,630,0,630,4020868,4404382,3817051,86.6648487801467,4026862,4429011,3831054,86.499085235959,,,4105,,,6243,,,10348
Toronto Hydro-Electric System Limited,2016,630,0,630,3777078,4591559,3961102,86.2692170567775,3777679,4637502,3980288,85.8282756535738,,,15561,,,13044,,,28605
Toronto Hydro-Electric System Limited,2017,630,0,630,3642930,4246688,3661521,86.2206265211855,3686750,4315880,3719558,86.1830727453034,,,15543,,,13220,,,28763
Toronto Hydro-Electric System Limited,2018,630,0,630,3798967,4559532,3842003,84.2630998093664,3812782,4609358,3891960,84.4360537844967,,,15515,,,13207,,,28722
Toronto Hydro-Electric System Limited,2019,630,0,630,3917482,4271851,3637084,85.1407036434557,3939071,4311781,3681027,85.371381338709,4075,11405,15480,6453,6954,13407,10528,18359,28887
Toronto Hydro-Electric System Limited,2020,630,0,630,3511495,4493058,3572695,79.5158887332414,3546484,4586951,3626251,79.055804171442,4072,11381,15453,6525,7032,13557,10597,18413,29010
Toronto Hydro-Electric System Limited,2021,630,0,630,3500916,4385591,3528718,80.4616299148735,3534259,4457304,3595190,80.6583979912521,4057,11349,15406,6568,7113,13681,10625,18462,29087
Wasaga Distribution Inc.,2015,53,8,61,27603,29681,23396,78.8248374380917,27638,30039,23601,78.5678617796864,,,161,,,124,,,285
Wasaga Distribution Inc.,2016,53,8,61,26028,28947,23599,81.5248557708916,26741,29450,24178,82.0984719864177,,,163,,,126,,,289
Wasaga Distribution Inc.,2017,53,8,61,26920,25648,22716,84.3833580980684,27424,26507,23399,85.3230746791132,,,165,,,113,,,278
Wasaga Distribution Inc.,2018,53,8,61,26648,37410,26299,70.2993851911254,27190,38645,27294,70.6275067925993,,,165,,,115,,,280
Wasaga Distribution Inc.,2019,53,8,61,26544,31880,23676,74.2659974905897,27202,33072,24707,74.7067005321722,168,,,118,,,286,0,286
Wasaga Distribution Inc.,2020,53,8,61,25720,35106,26974,76.835868512505,26363,36244,25964,71.6366846926388,168,,168,123,,123,291,0,291
Wasaga Distribution Inc.,2021,53,8,61,27750,36439,27708,76.0394083262439,27975,37541,26814,71.4259076742761,168,,168,124,,124,292,0,292
Waterloo North Hydro Inc.,2015,65,607,672,242869,269427,233665,86.7266458075843,251152,277434,241273,86.9659090089895,,,1086,,,532,,,1618
Waterloo North Hydro Inc.,2016,65,607,672,232140,291414,240346,82.4757904561895,241822,301200,249077,82.6948871181939,,,1068,,,551,0,0,1619
Waterloo North Hydro Inc.,2017,65,607,672,225653,270341,227410,84.1196858782057,235850,281216,237217,84.3540196859354,,,1080,,,566,0,0,1646
Waterloo North Hydro Inc.,2018,65,618,683,234010,290747,242094,83.2662073899301,246501,302616,252810,83.5415179633595,,,1076,,,576,0,0,1652
Waterloo North Hydro Inc.,2019,65,618,683,240428,271173,228082,84.1094061724434,252693,283807,239065,84.2350611507116,1072,,1072,576,,576,1648,0,1648
Waterloo North Hydro Inc.,2020,65,618,683,222574,287196,226772,78.9607097591889,235051,299764,237656,79.2810344137388,1074,,1074,580,,580,1654,0,1654
Waterloo North Hydro Inc.,2021,65,618,683,220328,275621,226307,82.1080396631607,234670,287213,236615,82.3831093996442,1071,,1071,586,,586,1657,0,1657
Welland Hydro-Electric System Corp.,2015,45,36,81,63168,73422,60622,82.5665331916864,63168,79457,62395,78.526750317782,,,338,,,142,,,480
Welland Hydro-Electric System Corp.,2016,45,36,81,60106,77480,61537,79.4230769230769,60107,82564,63593,77.0226733200911,,,338,,,142,,,480
Welland Hydro-Electric System Corp.,2017,45,36,81,58098,73021,58624,80.2837539885786,58098,77648,60471,77.8783742015248,,,337,,,142,,,479
Welland Hydro-Electric System Corp.,2018,45,36,81,61224,79116,64624,81.6825926487689,61224,84738,67219,79.3256862328589,,,334,,,147,,,481
Welland Hydro-Electric System Corp.,2019,45,36,81,63018,73288,60325,82.3122475712259,63018,80633,62565,77.5923009189786,335,,335,155,,155,490,0,490
Welland Hydro-Electric System Corp.,2020,45,36,81,59059,79771,61962,77.6748442416417,59059,87033,64530,74.1442900968598,336,0,336,158,0,158,494,0,494
Welland Hydro-Electric System Corp.,2021,45,36,81,57133,79523,61546,77.3939614954164,57133,85419,64035,74.9657570329786,338,0,338,159,0,159,497,0,497
Wellington North Power Inc.,2015,14,0,14,17359,16660,16068,92.5629356529754,17690,16938,16309,92.1933295647258,,,66,,,10,,,76
Wellington North Power Inc.,2016,14,0,14,16484,16466,15877,96.3176413491871,16760,16739,16119,96.1754176610979,,,69,,,10,,,79
Wellington North Power Inc.,2017,14,0,14,16381,16004,15454,94.3410048226604,16780,16292,15720,93.6829558998808,,,69,,,10,,,79
Wellington North Power Inc.,2018,14,0,14,16660,16355,15818,94.9459783913566,16685,16554,15902,95.3071621216662,,,69,,,10,,,79
Wellington North Power Inc.,2019,14,0,14,16845,15949,15324,90.9706144256456,16845,16156,15428,91.5880083110715,71,77,148,15,45,60,86,122,208
Wellington North Power Inc.,2020,14,0,14,15846,16815,15086,89.7175141242938,15850,17052,15200,89.139103917429,71,77,148,16,46,62,87,123,210
Wellington North Power Inc.,2021,14,0,14,16825,18160,16092,88.6123348017621,16867,18362,16202,88.2365755364339,71,77,148,18,51,69,89,128,217
Westario Power Inc.,2015,64,0,64,93376,66441,68524,73.3850239890336,94884,67949,70032,73.8080182117111,,,376,,,146,,,522
Westario Power Inc.,2016,64,0,64,69686,71203,67889,95.3457017260509,75257,76744,69406,90.4383404565829,,,378,,,152,,,530
Westario Power Inc.,2017,64,0,64,74293,66349,66343,89.2991264318307,76014,68069,64623,85.0146025732102,,,384,,,157,,,541
Westario Power Inc.,2018,0,64,64,77362,73818,68651,88.7399498461777,79620,76076,70909,89.0592815875408,,,386,,,159,,,545
Westario Power Inc.,2019,0,64,64,80824,70762,66918,82.7947144412551,83113,73051,69207,83.2685620781346,393,,393,167,,167,560,0,560
Westario Power Inc.,2020,0,64,64,73182,74978,67424,89.9250446797727,75510,77307,69753,90.2285692110676,410,,410,167,,167,577,0,577
Westario Power Inc.,2021,,64,64,73717,77697,69447,89.3818294142631,76126,80106,71856,89.7011459815744,413,,413,170,,170,583,0,583
